"category","avg_rating","total_sales"
"Fashion accessories","5.78210665491406","489480.89999999997"
"Home and lifestyle","5.739159292035398","489250.06"
"Electronic accessories","5.91217183770883","78175.02999999998"
"Food and beverages","7.113218390804598","53471.28000000006"
"Sports and travel","6.916265060240964","52497.93000000002"
"Health and beauty","7.003289473684212","46851.17999999998"
